[
  { "id": 1, "name": "Falcus", "point": 2908 },
  { "id": 2, "name": "Blondel", "point": 2555 },
  { "id": 3, "name": "Brack", "point": 2145 },
  { "id": 4, "name": "Hambers", "point": 311 },
  { "id": 5, "name": "Borles", "point": 1705 },
  { "id": 6, "name": "Canape", "point": 1480 },
  { "id": 7, "name": "Murgatroyd", "point": 1568 },
  { "id": 8, "name": "Coning", "point": 445 },
  { "id": 9, "name": "Beranek", "point": 1679 },
  { "id": 10, "name": "Beauchamp", "point": 1372 },
  { "id": 11, "name": "Abotson", "point": 1182 },
  { "id": 12, "name": "Flatman", "point": 1369 },
  { "id": 13, "name": "Janusik", "point": 1987 },
  { "id": 14, "name": "Holdren", "point": 1768 },
  { "id": 15, "name": "Bener", "point": 523 },
  { "id": 16, "name": "Buckberry", "point": 356 },
  { "id": 17, "name": "Thoday", "point": 1427 },
  { "id": 18, "name": "Beckinsall", "point": 2019 },
  { "id": 19, "name": "Kervin", "point": 1198 },
  { "id": 20, "name": "M'Chirrie", "point": 1143 },
  { "id": 21, "name": "Crummy", "point": 1271 },
  { "id": 22, "name": "MacMenemy", "point": 2655 },
  { "id": 23, "name": "Jessel", "point": 2760 },
  { "id": 24, "name": "Tressler", "point": 2237 },
  { "id": 25, "name": "Buye", "point": 2479 },
  { "id": 26, "name": "Tordiffe", "point": 2219 },
  { "id": 27, "name": "Fiorentino", "point": 1753 },
  { "id": 28, "name": "Droghan", "point": 2233 },
  { "id": 29, "name": "Hagwood", "point": 2917 },
  { "id": 30, "name": "Mill", "point": 1180 },
  { "id": 31, "name": "Lidell", "point": 2675 },
  { "id": 32, "name": "Moggan", "point": 2178 },
  { "id": 33, "name": "Dempster", "point": 2295 },
  { "id": 34, "name": "Lodden", "point": 2450 },
  { "id": 35, "name": "Laverenz", "point": 1162 },
  { "id": 36, "name": "Brounfield", "point": 1294 },
  { "id": 37, "name": "Cronk", "point": 613 },
  { "id": 38, "name": "Lydford", "point": 374 },
  { "id": 39, "name": "Butson", "point": 2497 },
  { "id": 40, "name": "Smissen", "point": 2250 },
  { "id": 41, "name": "Kubyszek", "point": 623 },
  { "id": 42, "name": "Loughhead", "point": 911 },
  { "id": 43, "name": "Milesop", "point": 2495 },
  { "id": 44, "name": "Mayhow", "point": 1537 },
  { "id": 45, "name": "Yoslowitz", "point": 1836 },
  { "id": 46, "name": "Castellan", "point": 2226 },
  { "id": 47, "name": "Hollebon", "point": 2153 },
  { "id": 48, "name": "Astles", "point": 2652 },
  { "id": 49, "name": "Robiot", "point": 1172 },
  { "id": 50, "name": "Liddiatt", "point": 1362 },
  { "id": 51, "name": "Hollibone", "point": 247 },
  { "id": 52, "name": "Jaume", "point": 2872 },
  { "id": 53, "name": "Fforde", "point": 183 },
  { "id": 54, "name": "Ellesmere", "point": 507 },
  { "id": 55, "name": "Benninger", "point": 2722 },
  { "id": 56, "name": "Gentle", "point": 1087 },
  { "id": 57, "name": "Vyvyan", "point": 547 },
  { "id": 58, "name": "Bonsey", "point": 2346 },
  { "id": 59, "name": "Houchen", "point": 1900 },
  { "id": 60, "name": "Tinston", "point": 260 },
  { "id": 61, "name": "Bassilashvili", "point": 958 },
  { "id": 62, "name": "Churchley", "point": 1172 },
  { "id": 63, "name": "Potes", "point": 1480 },
  { "id": 64, "name": "Dilliston", "point": 2165 },
  { "id": 65, "name": "Lenormand", "point": 84 },
  { "id": 66, "name": "Whyborne", "point": 2675 },
  { "id": 67, "name": "Wilse", "point": 1647 },
  { "id": 68, "name": "Tearney", "point": 1484 },
  { "id": 69, "name": "Leuren", "point": 975 },
  { "id": 70, "name": "Steane", "point": 1452 },
  { "id": 71, "name": "Cloney", "point": 2896 },
  { "id": 72, "name": "Bartolomeazzi", "point": 1421 },
  { "id": 73, "name": "McRill", "point": 1604 },
  { "id": 74, "name": "Rossoni", "point": 951 },
  { "id": 75, "name": "Caslett", "point": 42 },
  { "id": 76, "name": "Springer", "point": 1149 },
  { "id": 77, "name": "Rosenqvist", "point": 1182 },
  { "id": 78, "name": "Drewitt", "point": 2193 },
  { "id": 79, "name": "Raund", "point": 1987 },
  { "id": 80, "name": "Varley", "point": 267 },
  { "id": 81, "name": "Norley", "point": 366 },
  { "id": 82, "name": "Petrak", "point": 96 },
  { "id": 83, "name": "Bischop", "point": 879 },
  { "id": 84, "name": "Nayshe", "point": 946 },
  { "id": 85, "name": "Strewther", "point": 623 },
  { "id": 86, "name": "Gluyus", "point": 1988 },
  { "id": 87, "name": "MacKomb", "point": 467 },
  { "id": 88, "name": "Grangier", "point": 1981 },
  { "id": 89, "name": "Fardoe", "point": 291 },
  { "id": 90, "name": "Suero", "point": 2281 },
  { "id": 91, "name": "Wegman", "point": 1525 },
  { "id": 92, "name": "Allett", "point": 2814 },
  { "id": 93, "name": "Poone", "point": 2373 },
  { "id": 94, "name": "Lempertz", "point": 1777 },
  { "id": 95, "name": "Keysel", "point": 969 },
  { "id": 96, "name": "Cannam", "point": 981 },
  { "id": 97, "name": "Ashingden", "point": 2478 },
  { "id": 98, "name": "Dunne", "point": 1883 },
  { "id": 99, "name": "McBratney", "point": 2807 },
  { "id": 100, "name": "Kirtley", "point": 1404 },
  { "id": 101, "name": "Gerring", "point": 2110 },
  { "id": 102, "name": "Elies", "point": 505 },
  { "id": 103, "name": "Hiscoke", "point": 2524 },
  { "id": 104, "name": "Grosier", "point": 912 },
  { "id": 105, "name": "Fairbank", "point": 176 },
  { "id": 106, "name": "Dovydenas", "point": 287 },
  { "id": 107, "name": "Funnell", "point": 987 },
  { "id": 108, "name": "Roof", "point": 733 },
  { "id": 109, "name": "Lalley", "point": 405 },
  { "id": 110, "name": "Kosiada", "point": 994 },
  { "id": 111, "name": "Garrit", "point": 335 },
  { "id": 112, "name": "Wandrich", "point": 2196 },
  { "id": 113, "name": "Ivachyov", "point": 720 },
  { "id": 114, "name": "Malloch", "point": 1970 },
  { "id": 115, "name": "Kezar", "point": 1542 },
  { "id": 116, "name": "Brech", "point": 1051 },
  { "id": 117, "name": "Snoddon", "point": 1326 },
  { "id": 118, "name": "Loughnan", "point": 579 },
  { "id": 119, "name": "Rubinowitch", "point": 2103 },
  { "id": 120, "name": "Franck", "point": 830 },
  { "id": 121, "name": "Catherall", "point": 555 },
  { "id": 122, "name": "Hasely", "point": 1160 },
  { "id": 123, "name": "Sterricker", "point": 612 },
  { "id": 124, "name": "Bolan", "point": 739 },
  { "id": 125, "name": "Lowres", "point": 259 },
  { "id": 126, "name": "Engley", "point": 358 },
  { "id": 127, "name": "Pentelo", "point": 1732 },
  { "id": 128, "name": "Cottey", "point": 664 },
  { "id": 129, "name": "Ishak", "point": 686 },
  { "id": 130, "name": "Jozefiak", "point": 1074 },
  { "id": 131, "name": "McAllaster", "point": 2850 },
  { "id": 132, "name": "Rockliffe", "point": 78 },
  { "id": 133, "name": "Shedd", "point": 1271 },
  { "id": 134, "name": "Knok", "point": 712 },
  { "id": 135, "name": "Apple", "point": 2024 },
  { "id": 136, "name": "Gwinnell", "point": 1107 },
  { "id": 137, "name": "Yggo", "point": 2138 },
  { "id": 138, "name": "Wordsworth", "point": 1874 },
  { "id": 139, "name": "Bridal", "point": 1628 },
  { "id": 140, "name": "Deguara", "point": 1105 },
  { "id": 141, "name": "Cadamy", "point": 386 },
  { "id": 142, "name": "Fraczak", "point": 2618 },
  { "id": 143, "name": "Aspinal", "point": 1137 },
  { "id": 144, "name": "Epdell", "point": 841 },
  { "id": 145, "name": "Levane", "point": 2591 },
  { "id": 146, "name": "Hryncewicz", "point": 310 },
  { "id": 147, "name": "Shrubshall", "point": 2395 },
  { "id": 148, "name": "McLarnon", "point": 70 },
  { "id": 149, "name": "Heckle", "point": 1623 },
  { "id": 150, "name": "Marlen", "point": 1499 },
  { "id": 151, "name": "Gluyus", "point": 459 },
  { "id": 152, "name": "Stapele", "point": 414 },
  { "id": 153, "name": "Howat", "point": 1586 },
  { "id": 154, "name": "Merrydew", "point": 1303 },
  { "id": 155, "name": "MacDirmid", "point": 2500 },
  { "id": 156, "name": "Bothen", "point": 1263 },
  { "id": 157, "name": "McColley", "point": 1614 },
  { "id": 158, "name": "Dahlbom", "point": 427 },
  { "id": 159, "name": "Lamburn", "point": 688 },
  { "id": 160, "name": "Cowlin", "point": 2121 },
  { "id": 161, "name": "Paxman", "point": 1280 },
  { "id": 162, "name": "Firebrace", "point": 1863 },
  { "id": 163, "name": "Strephan", "point": 650 },
  { "id": 164, "name": "Blinder", "point": 1521 },
  { "id": 165, "name": "Nunn", "point": 707 },
  { "id": 166, "name": "Ipplett", "point": 391 },
  { "id": 167, "name": "Raithbie", "point": 2611 },
  { "id": 168, "name": "Cuel", "point": 1647 },
  { "id": 169, "name": "Levet", "point": 2090 },
  { "id": 170, "name": "Galland", "point": 850 },
  { "id": 171, "name": "Ceschini", "point": 2432 },
  { "id": 172, "name": "Fearick", "point": 2529 },
  { "id": 173, "name": "Bengoechea", "point": 916 },
  { "id": 174, "name": "Heggman", "point": 2818 },
  { "id": 175, "name": "Ledgister", "point": 1256 },
  { "id": 176, "name": "Lipscombe", "point": 1698 },
  { "id": 177, "name": "Took", "point": 1776 },
  { "id": 178, "name": "Parlour", "point": 2118 },
  { "id": 179, "name": "Beadon", "point": 850 },
  { "id": 180, "name": "Hurt", "point": 565 },
  { "id": 181, "name": "BoHlingolsen", "point": 1409 },
  { "id": 182, "name": "Camamile", "point": 815 },
  { "id": 183, "name": "Heeney", "point": 1967 },
  { "id": 184, "name": "Videan", "point": 1912 },
  { "id": 185, "name": "MacTrustram", "point": 803 },
  { "id": 186, "name": "Mellor", "point": 169 },
  { "id": 187, "name": "Hargate", "point": 1029 },
  { "id": 188, "name": "Kubes", "point": 1755 },
  { "id": 189, "name": "Schoolfield", "point": 2437 },
  { "id": 190, "name": "Writer", "point": 2034 },
  { "id": 191, "name": "Mariel", "point": 241 },
  { "id": 192, "name": "Biddy", "point": 1091 },
  { "id": 193, "name": "Skoyles", "point": 1100 },
  { "id": 194, "name": "Willcott", "point": 2008 },
  { "id": 195, "name": "Eannetta", "point": 1346 },
  { "id": 196, "name": "Minney", "point": 243 },
  { "id": 197, "name": "Welden", "point": 1513 },
  { "id": 198, "name": "Ibbitt", "point": 2583 },
  { "id": 199, "name": "Le Brom", "point": 2729 },
  { "id": 200, "name": "Gotch", "point": 1616 },
  { "id": 201, "name": "Joule", "point": 2320 },
  { "id": 202, "name": "Cleminson", "point": 998 },
  { "id": 203, "name": "Easterby", "point": 1090 },
  { "id": 204, "name": "Yandell", "point": 2199 },
  { "id": 205, "name": "Brownrigg", "point": 1683 },
  { "id": 206, "name": "Huxster", "point": 1569 },
  { "id": 207, "name": "Farney", "point": 2739 },
  { "id": 208, "name": "Stanluck", "point": 1738 },
  { "id": 209, "name": "Guyot", "point": 2144 },
  { "id": 210, "name": "Glanton", "point": 2993 },
  { "id": 211, "name": "Bompass", "point": 1487 },
  { "id": 212, "name": "Risely", "point": 804 },
  { "id": 213, "name": "Foggo", "point": 1381 },
  { "id": 214, "name": "Lamlin", "point": 843 },
  { "id": 215, "name": "Crocetti", "point": 1844 },
  { "id": 216, "name": "Orleton", "point": 2935 },
  { "id": 217, "name": "Tremellier", "point": 1329 },
  { "id": 218, "name": "Itzkov", "point": 560 },
  { "id": 219, "name": "Speake", "point": 162 },
  { "id": 220, "name": "Danford", "point": 2534 },
  { "id": 221, "name": "Spykins", "point": 2708 },
  { "id": 222, "name": "Brettor", "point": 2425 },
  { "id": 223, "name": "Bullon", "point": 1134 },
  { "id": 224, "name": "Lovitt", "point": 131 },
  { "id": 225, "name": "Borthe", "point": 2886 },
  { "id": 226, "name": "Swannick", "point": 1137 },
  { "id": 227, "name": "Beardall", "point": 1954 },
  { "id": 228, "name": "Guilbert", "point": 2321 },
  { "id": 229, "name": "Carder", "point": 2375 },
  { "id": 230, "name": "Moverley", "point": 1777 },
  { "id": 231, "name": "Varrow", "point": 2838 },
  { "id": 232, "name": "de Verson", "point": 1455 },
  { "id": 233, "name": "Clemonts", "point": 268 },
  { "id": 234, "name": "Gealle", "point": 1168 },
  { "id": 235, "name": "Bambrick", "point": 580 },
  { "id": 236, "name": "Moncrieffe", "point": 2665 },
  { "id": 237, "name": "Roughan", "point": 247 },
  { "id": 238, "name": "Allabush", "point": 2644 },
  { "id": 239, "name": "Dowyer", "point": 363 },
  { "id": 240, "name": "Pessler", "point": 1027 },
  { "id": 241, "name": "Scopyn", "point": 750 },
  { "id": 242, "name": "Cheke", "point": 922 },
  { "id": 243, "name": "Keave", "point": 1022 },
  { "id": 244, "name": "Marston", "point": 435 },
  { "id": 245, "name": "Spoerl", "point": 281 },
  { "id": 246, "name": "Hackly", "point": 1826 },
  { "id": 247, "name": "Wantling", "point": 2765 },
  { "id": 248, "name": "Waleran", "point": 2390 },
  { "id": 249, "name": "Goaks", "point": 2269 },
  { "id": 250, "name": "Bruin", "point": 540 },
  { "id": 251, "name": "MacWhan", "point": 77 },
  { "id": 252, "name": "Urquhart", "point": 1780 },
  { "id": 253, "name": "Brodley", "point": 825 },
  { "id": 254, "name": "Fellgatt", "point": 1797 },
  { "id": 255, "name": "Guiducci", "point": 2855 },
  { "id": 256, "name": "Waghorne", "point": 1308 },
  { "id": 257, "name": "Todarini", "point": 568 },
  { "id": 258, "name": "Mallinson", "point": 358 },
  { "id": 259, "name": "Tesmond", "point": 657 },
  { "id": 260, "name": "Whibley", "point": 1228 },
  { "id": 261, "name": "Follit", "point": 2208 },
  { "id": 262, "name": "Mellanby", "point": 2635 },
  { "id": 263, "name": "Sammars", "point": 1798 },
  { "id": 264, "name": "Marchant", "point": 11 },
  { "id": 265, "name": "Scimoni", "point": 2187 },
  { "id": 266, "name": "Grierson", "point": 1351 },
  { "id": 267, "name": "Diamond", "point": 1292 },
  { "id": 268, "name": "Willars", "point": 485 },
  { "id": 269, "name": "Stonard", "point": 708 },
  { "id": 270, "name": "Tunnicliffe", "point": 435 },
  { "id": 271, "name": "Pitherick", "point": 2454 },
  { "id": 272, "name": "Greensitt", "point": 2156 },
  { "id": 273, "name": "Cassy", "point": 2340 },
  { "id": 274, "name": "Mein", "point": 1586 },
  { "id": 275, "name": "O'Noulane", "point": 2304 },
  { "id": 276, "name": "Pawelczyk", "point": 1880 },
  { "id": 277, "name": "Blunden", "point": 1184 },
  { "id": 278, "name": "Tookey", "point": 704 },
  { "id": 279, "name": "Mellodey", "point": 752 },
  { "id": 280, "name": "Randles", "point": 2178 },
  { "id": 281, "name": "Kilmister", "point": 2592 },
  { "id": 282, "name": "Gaber", "point": 1686 },
  { "id": 283, "name": "Gini", "point": 2048 },
  { "id": 284, "name": "Windle", "point": 1127 },
  { "id": 285, "name": "Espinet", "point": 2731 },
  { "id": 286, "name": "Lorent", "point": 834 },
  { "id": 287, "name": "Glazier", "point": 2838 },
  { "id": 288, "name": "Plane", "point": 2856 },
  { "id": 289, "name": "Elintune", "point": 671 },
  { "id": 290, "name": "McEllen", "point": 929 },
  { "id": 291, "name": "McColgan", "point": 1047 },
  { "id": 292, "name": "Oxenham", "point": 1769 },
  { "id": 293, "name": "Rossborough", "point": 62 },
  { "id": 294, "name": "Rodolphe", "point": 1917 },
  { "id": 295, "name": "Olerenshaw", "point": 2298 },
  { "id": 296, "name": "MacVicar", "point": 2265 },
  { "id": 297, "name": "Revens", "point": 120 },
  { "id": 298, "name": "Mulholland", "point": 1745 },
  { "id": 299, "name": "Benny", "point": 263 },
  { "id": 300, "name": "McCrie", "point": 446 },
  { "id": 301, "name": "Aveson", "point": 2211 },
  { "id": 302, "name": "Petyanin", "point": 1656 },
  { "id": 303, "name": "Mollin", "point": 715 },
  { "id": 304, "name": "O'Shirine", "point": 764 },
  { "id": 305, "name": "Bixley", "point": 337 },
  { "id": 306, "name": "Enderlein", "point": 700 },
  { "id": 307, "name": "Weafer", "point": 1499 },
  { "id": 308, "name": "Serraillier", "point": 727 },
  { "id": 309, "name": "Dornan", "point": 1424 },
  { "id": 310, "name": "Siddens", "point": 597 },
  { "id": 311, "name": "Dowthwaite", "point": 2132 },
  { "id": 312, "name": "Gallally", "point": 2335 },
  { "id": 313, "name": "Preto", "point": 2669 },
  { "id": 314, "name": "Hounihan", "point": 574 },
  { "id": 315, "name": "Birrel", "point": 905 },
  { "id": 316, "name": "Wickmann", "point": 1307 },
  { "id": 317, "name": "McAlees", "point": 982 },
  { "id": 318, "name": "Ardley", "point": 2511 },
  { "id": 319, "name": "Pitrasso", "point": 2113 },
  { "id": 320, "name": "Fussey", "point": 1750 },
  { "id": 321, "name": "Albro", "point": 297 },
  { "id": 322, "name": "Beagles", "point": 2254 },
  { "id": 323, "name": "McConnell", "point": 268 },
  { "id": 324, "name": "Iannuzzelli", "point": 2649 },
  { "id": 325, "name": "Peris", "point": 1523 },
  { "id": 326, "name": "Bettington", "point": 2138 },
  { "id": 327, "name": "Gerrietz", "point": 2219 },
  { "id": 328, "name": "McTurk", "point": 722 },
  { "id": 329, "name": "Domeny", "point": 33 },
  { "id": 330, "name": "Jedras", "point": 1870 },
  { "id": 331, "name": "Humpherston", "point": 528 },
  { "id": 332, "name": "Haxell", "point": 2796 },
  { "id": 333, "name": "Broose", "point": 2543 },
  { "id": 334, "name": "Tiddeman", "point": 517 },
  { "id": 335, "name": "Waycot", "point": 1252 },
  { "id": 336, "name": "Dalley", "point": 1967 },
  { "id": 337, "name": "Zavittieri", "point": 748 },
  { "id": 338, "name": "Beston", "point": 1563 },
  { "id": 339, "name": "Darter", "point": 1251 },
  { "id": 340, "name": "Joannic", "point": 1351 },
  { "id": 341, "name": "Whodcoat", "point": 1192 },
  { "id": 342, "name": "Swyre", "point": 1758 },
  { "id": 343, "name": "Cockling", "point": 1527 },
  { "id": 344, "name": "Akaster", "point": 2171 },
  { "id": 345, "name": "Hebbs", "point": 1461 },
  { "id": 346, "name": "Brahm", "point": 181 },
  { "id": 347, "name": "Moran", "point": 2605 },
  { "id": 348, "name": "Pentony", "point": 887 },
  { "id": 349, "name": "O'Curneen", "point": 2012 },
  { "id": 350, "name": "Lodden", "point": 2514 },
  { "id": 351, "name": "Duinbleton", "point": 719 },
  { "id": 352, "name": "McClaurie", "point": 2518 },
  { "id": 353, "name": "Anthonies", "point": 579 },
  { "id": 354, "name": "Brakewell", "point": 196 },
  { "id": 355, "name": "Reasun", "point": 1912 },
  { "id": 356, "name": "Boater", "point": 1606 },
  { "id": 357, "name": "Naton", "point": 411 },
  { "id": 358, "name": "Colley", "point": 2667 },
  { "id": 359, "name": "Deschlein", "point": 2064 },
  { "id": 360, "name": "Stode", "point": 2628 },
  { "id": 361, "name": "Afield", "point": 1044 },
  { "id": 362, "name": "Dury", "point": 487 },
  { "id": 363, "name": "Hulcoop", "point": 1007 },
  { "id": 364, "name": "Tomaskov", "point": 1672 },
  { "id": 365, "name": "Huriche", "point": 2732 },
  { "id": 366, "name": "Kimbrough", "point": 1267 },
  { "id": 367, "name": "Mac Geaney", "point": 1975 },
  { "id": 368, "name": "Lindberg", "point": 129 },
  { "id": 369, "name": "Mundy", "point": 953 },
  { "id": 370, "name": "Lammiman", "point": 483 },
  { "id": 371, "name": "Groundwator", "point": 2253 },
  { "id": 372, "name": "Flea", "point": 2004 },
  { "id": 373, "name": "Cashmore", "point": 1237 },
  { "id": 374, "name": "Kelmere", "point": 1867 },
  { "id": 375, "name": "Belbin", "point": 2065 },
  { "id": 376, "name": "Forlong", "point": 50 },
  { "id": 377, "name": "Manis", "point": 1506 },
  { "id": 378, "name": "Goodwins", "point": 238 },
  { "id": 379, "name": "Schneidar", "point": 1162 },
  { "id": 380, "name": "Dugood", "point": 1048 },
  { "id": 381, "name": "Pollicatt", "point": 1190 },
  { "id": 382, "name": "Roman", "point": 1794 },
  { "id": 383, "name": "Kalderon", "point": 52 },
  { "id": 384, "name": "Sumnall", "point": 783 },
  { "id": 385, "name": "Peres", "point": 2863 },
  { "id": 386, "name": "Tremolieres", "point": 2907 },
  { "id": 387, "name": "Tattersdill", "point": 1424 },
  { "id": 388, "name": "de Villier", "point": 745 },
  { "id": 389, "name": "Samwell", "point": 712 },
  { "id": 390, "name": "Gogin", "point": 2191 },
  { "id": 391, "name": "Ralph", "point": 2861 },
  { "id": 392, "name": "Limbourne", "point": 886 },
  { "id": 393, "name": "Westberg", "point": 1871 },
  { "id": 394, "name": "Berns", "point": 2418 },
  { "id": 395, "name": "Debell", "point": 2743 },
  { "id": 396, "name": "Eames", "point": 755 },
  { "id": 397, "name": "Creevy", "point": 437 },
  { "id": 398, "name": "Weavers", "point": 2155 },
  { "id": 399, "name": "Saterthwait", "point": 817 },
  { "id": 400, "name": "McIlheran", "point": 653 },
  { "id": 401, "name": "Lamyman", "point": 2099 },
  { "id": 402, "name": "Braz", "point": 2778 },
  { "id": 403, "name": "Handrick", "point": 1796 },
  { "id": 404, "name": "Elliff", "point": 2009 },
  { "id": 405, "name": "Chazelle", "point": 1157 },
  { "id": 406, "name": "Palister", "point": 614 },
  { "id": 407, "name": "Spender", "point": 369 },
  { "id": 408, "name": "Stillert", "point": 1473 },
  { "id": 409, "name": "Gilmartin", "point": 2949 },
  { "id": 410, "name": "Nester", "point": 2778 },
  { "id": 411, "name": "Doornbos", "point": 477 },
  { "id": 412, "name": "Danford", "point": 1957 },
  { "id": 413, "name": "Caskie", "point": 1689 },
  { "id": 414, "name": "Gordon", "point": 1794 },
  { "id": 415, "name": "Piwall", "point": 78 },
  { "id": 416, "name": "Coldtart", "point": 689 },
  { "id": 417, "name": "Jeakins", "point": 286 },
  { "id": 418, "name": "Conner", "point": 1208 },
  { "id": 419, "name": "Gorioli", "point": 2729 },
  { "id": 420, "name": "Halton", "point": 2934 },
  { "id": 421, "name": "Gronauer", "point": 1653 },
  { "id": 422, "name": "Welbeck", "point": 2047 },
  { "id": 423, "name": "Saiens", "point": 8 },
  { "id": 424, "name": "Boal", "point": 1245 },
  { "id": 425, "name": "Eymor", "point": 2944 },
  { "id": 426, "name": "Aspenlon", "point": 2418 },
  { "id": 427, "name": "Leinster", "point": 2431 },
  { "id": 428, "name": "Bartoszek", "point": 657 },
  { "id": 429, "name": "Shreeves", "point": 597 },
  { "id": 430, "name": "Bissell", "point": 1711 },
  { "id": 431, "name": "Ladley", "point": 2597 },
  { "id": 432, "name": "Daber", "point": 2852 },
  { "id": 433, "name": "Cellone", "point": 2733 },
  { "id": 434, "name": "Sinney", "point": 2934 },
  { "id": 435, "name": "Daid", "point": 2450 },
  { "id": 436, "name": "Pateman", "point": 878 },
  { "id": 437, "name": "Clare", "point": 1215 },
  { "id": 438, "name": "Petrina", "point": 710 },
  { "id": 439, "name": "McGiveen", "point": 1147 },
  { "id": 440, "name": "Jennison", "point": 730 },
  { "id": 441, "name": "MacSporran", "point": 1974 },
  { "id": 442, "name": "Wix", "point": 2605 },
  { "id": 443, "name": "Rau", "point": 826 },
  { "id": 444, "name": "Trott", "point": 331 },
  { "id": 445, "name": "Younghusband", "point": 1934 },
  { "id": 446, "name": "McLleese", "point": 2611 },
  { "id": 447, "name": "Illingsworth", "point": 2098 },
  { "id": 448, "name": "Labroue", "point": 1610 },
  { "id": 449, "name": "Rosenstiel", "point": 726 },
  { "id": 450, "name": "Dibley", "point": 802 },
  { "id": 451, "name": "Caveill", "point": 2512 },
  { "id": 452, "name": "Brooker", "point": 2932 },
  { "id": 453, "name": "Quiddington", "point": 373 },
  { "id": 454, "name": "Lamacraft", "point": 1341 },
  { "id": 455, "name": "Lujan", "point": 1577 },
  { "id": 456, "name": "Capelle", "point": 2076 },
  { "id": 457, "name": "Tomasi", "point": 1751 },
  { "id": 458, "name": "Thacke", "point": 2420 },
  { "id": 459, "name": "Shotter", "point": 994 },
  { "id": 460, "name": "De Vere", "point": 998 },
  { "id": 461, "name": "Sandels", "point": 1845 },
  { "id": 462, "name": "Saintpierre", "point": 1978 },
  { "id": 463, "name": "Wychard", "point": 1246 },
  { "id": 464, "name": "Bastistini", "point": 689 },
  { "id": 465, "name": "Janusz", "point": 914 },
  { "id": 466, "name": "Helm", "point": 1752 },
  { "id": 467, "name": "Oaks", "point": 2368 },
  { "id": 468, "name": "Sheldrake", "point": 2212 },
  { "id": 469, "name": "Januszkiewicz", "point": 886 },
  { "id": 470, "name": "Gamble", "point": 2339 },
  { "id": 471, "name": "Regi", "point": 1720 },
  { "id": 472, "name": "Melpuss", "point": 2419 },
  { "id": 473, "name": "Chantree", "point": 412 },
  { "id": 474, "name": "Senter", "point": 1709 },
  { "id": 475, "name": "Pellamonuten", "point": 316 },
  { "id": 476, "name": "Quartermaine", "point": 414 },
  { "id": 477, "name": "Fritter", "point": 350 },
  { "id": 478, "name": "Giacoppo", "point": 2161 },
  { "id": 479, "name": "Celli", "point": 1818 },
  { "id": 480, "name": "McCurley", "point": 1029 },
  { "id": 481, "name": "Exton", "point": 1393 },
  { "id": 482, "name": "Bradman", "point": 1283 },
  { "id": 483, "name": "Bretton", "point": 2034 },
  { "id": 484, "name": "Vigrass", "point": 689 },
  { "id": 485, "name": "Chafer", "point": 1784 },
  { "id": 486, "name": "Milton-White", "point": 924 },
  { "id": 487, "name": "Tenbrug", "point": 2080 },
  { "id": 488, "name": "Druitt", "point": 2866 },
  { "id": 489, "name": "Stendall", "point": 1922 },
  { "id": 490, "name": "Lewson", "point": 2484 },
  { "id": 491, "name": "Burchard", "point": 2918 },
  { "id": 492, "name": "Hars", "point": 1180 },
  { "id": 493, "name": "Lune", "point": 2331 },
  { "id": 494, "name": "Vido", "point": 1969 },
  { "id": 495, "name": "Isitt", "point": 2793 },
  { "id": 496, "name": "Inglesfield", "point": 505 },
  { "id": 497, "name": "Pryer", "point": 2504 },
  { "id": 498, "name": "Battrum", "point": 2882 },
  { "id": 499, "name": "Zamudio", "point": 1858 },
  { "id": 500, "name": "Veschambes", "point": 437 },
  { "id": 501, "name": "Monnery", "point": 991 },
  { "id": 502, "name": "Tidder", "point": 944 },
  { "id": 503, "name": "Humphrey", "point": 2132 },
  { "id": 504, "name": "Clayill", "point": 1465 },
  { "id": 505, "name": "Timewell", "point": 1461 },
  { "id": 506, "name": "Insoll", "point": 2256 },
  { "id": 507, "name": "Minchi", "point": 2030 },
  { "id": 508, "name": "Newart", "point": 871 },
  { "id": 509, "name": "Errichelli", "point": 1426 },
  { "id": 510, "name": "Zaple", "point": 1350 },
  { "id": 511, "name": "Timny", "point": 389 },
  { "id": 512, "name": "Petschel", "point": 262 },
  { "id": 513, "name": "Haselhurst", "point": 2617 },
  { "id": 514, "name": "Fazzioli", "point": 1877 },
  { "id": 515, "name": "Fundell", "point": 299 },
  { "id": 516, "name": "True", "point": 194 },
  { "id": 517, "name": "Standingford", "point": 2361 },
  { "id": 518, "name": "Carillo", "point": 310 },
  { "id": 519, "name": "Sandars", "point": 1389 },
  { "id": 520, "name": "Stihl", "point": 928 },
  { "id": 521, "name": "Sambell", "point": 581 },
  { "id": 522, "name": "Lowensohn", "point": 1255 },
  { "id": 523, "name": "Rillett", "point": 505 },
  { "id": 524, "name": "Geleman", "point": 1222 },
  { "id": 525, "name": "Bayliss", "point": 663 },
  { "id": 526, "name": "Emanson", "point": 2846 },
  { "id": 527, "name": "Snellman", "point": 2260 },
  { "id": 528, "name": "Scroggie", "point": 57 },
  { "id": 529, "name": "Keyho", "point": 2262 },
  { "id": 530, "name": "Lober", "point": 1333 },
  { "id": 531, "name": "Fey", "point": 2566 },
  { "id": 532, "name": "Chieze", "point": 1624 },
  { "id": 533, "name": "Haily", "point": 1008 },
  { "id": 534, "name": "Fantin", "point": 2854 },
  { "id": 535, "name": "Dugald", "point": 1990 },
  { "id": 536, "name": "Buckenhill", "point": 1613 },
  { "id": 537, "name": "Rubinfajn", "point": 2845 },
  { "id": 538, "name": "Gwyllt", "point": 1276 },
  { "id": 539, "name": "Amy", "point": 1907 },
  { "id": 540, "name": "Hazeldene", "point": 2684 },
  { "id": 541, "name": "Hayller", "point": 1637 },
  { "id": 542, "name": "Croxley", "point": 2243 },
  { "id": 543, "name": "Heare", "point": 1331 },
  { "id": 544, "name": "Rope", "point": 1787 },
  { "id": 545, "name": "Kuzma", "point": 2695 },
  { "id": 546, "name": "Winspurr", "point": 172 },
  { "id": 547, "name": "Rapo", "point": 1803 },
  { "id": 548, "name": "Prott", "point": 1241 },
  { "id": 549, "name": "Rawcliff", "point": 1946 },
  { "id": 550, "name": "Woodberry", "point": 2310 },
  { "id": 551, "name": "Bowra", "point": 1112 },
  { "id": 552, "name": "Richardon", "point": 355 },
  { "id": 553, "name": "Rubenczyk", "point": 848 },
  { "id": 554, "name": "Petrescu", "point": 1422 },
  { "id": 555, "name": "Demko", "point": 2410 },
  { "id": 556, "name": "Shalloe", "point": 710 },
  { "id": 557, "name": "O'Noland", "point": 1002 },
  { "id": 558, "name": "MacCaull", "point": 2735 },
  { "id": 559, "name": "Ramme", "point": 2588 },
  { "id": 560, "name": "Keaves", "point": 1634 },
  { "id": 561, "name": "Synan", "point": 1958 },
  { "id": 562, "name": "Tammadge", "point": 1786 },
  { "id": 563, "name": "Bordone", "point": 1315 },
  { "id": 564, "name": "Cox", "point": 2955 },
  { "id": 565, "name": "Devey", "point": 1323 },
  { "id": 566, "name": "Evequot", "point": 2243 },
  { "id": 567, "name": "Hinstridge", "point": 1805 },
  { "id": 568, "name": "Pierrepoint", "point": 773 },
  { "id": 569, "name": "Kleinhaus", "point": 2363 },
  { "id": 570, "name": "Sickamore", "point": 14 },
  { "id": 571, "name": "Tregien", "point": 1266 },
  { "id": 572, "name": "Amys", "point": 2409 },
  { "id": 573, "name": "Coffelt", "point": 1268 },
  { "id": 574, "name": "Brind", "point": 1637 },
  { "id": 575, "name": "Joder", "point": 536 },
  { "id": 576, "name": "Poter", "point": 842 },
  { "id": 577, "name": "Rubury", "point": 2306 },
  { "id": 578, "name": "Merrikin", "point": 2075 },
  { "id": 579, "name": "Visco", "point": 1929 },
  { "id": 580, "name": "MacAvddy", "point": 2658 },
  { "id": 581, "name": "Leschelle", "point": 1285 },
  { "id": 582, "name": "Vasey", "point": 1557 },
  { "id": 583, "name": "Mereweather", "point": 1200 },
  { "id": 584, "name": "Bernakiewicz", "point": 2222 },
  { "id": 585, "name": "Arter", "point": 1398 },
  { "id": 586, "name": "Alliberton", "point": 508 },
  { "id": 587, "name": "Binge", "point": 2051 },
  { "id": 588, "name": "Cowern", "point": 1401 },
  { "id": 589, "name": "Semple", "point": 2799 },
  { "id": 590, "name": "Kolak", "point": 2723 },
  { "id": 591, "name": "Meader", "point": 1167 },
  { "id": 592, "name": "Bletcher", "point": 1223 },
  { "id": 593, "name": "Jakubovitch", "point": 2780 },
  { "id": 594, "name": "Stuer", "point": 93 },
  { "id": 595, "name": "Domleo", "point": 2681 },
  { "id": 596, "name": "McCreary", "point": 2608 },
  { "id": 597, "name": "Larcombe", "point": 259 },
  { "id": 598, "name": "Orridge", "point": 120 },
  { "id": 599, "name": "Breyt", "point": 2545 },
  { "id": 600, "name": "Tooher", "point": 1665 },
  { "id": 601, "name": "Ramelot", "point": 2251 },
  { "id": 602, "name": "Whapple", "point": 762 },
  { "id": 603, "name": "Hallick", "point": 2099 },
  { "id": 604, "name": "Bent", "point": 2906 },
  { "id": 605, "name": "Ferfulle", "point": 467 },
  { "id": 606, "name": "Heinssen", "point": 602 },
  { "id": 607, "name": "Avann", "point": 2371 },
  { "id": 608, "name": "Dreschler", "point": 2062 },
  { "id": 609, "name": "Adamo", "point": 1397 },
  { "id": 610, "name": "Canero", "point": 1459 },
  { "id": 611, "name": "Froome", "point": 2610 },
  { "id": 612, "name": "Hearthfield", "point": 977 },
  { "id": 613, "name": "Dabnot", "point": 1228 },
  { "id": 614, "name": "Bellew", "point": 273 },
  { "id": 615, "name": "Siviter", "point": 853 },
  { "id": 616, "name": "Woodburne", "point": 2804 },
  { "id": 617, "name": "Patise", "point": 1750 },
  { "id": 618, "name": "Tummond", "point": 1721 },
  { "id": 619, "name": "Audsley", "point": 2401 },
  { "id": 620, "name": "Kellett", "point": 2056 },
  { "id": 621, "name": "Emmett", "point": 2549 },
  { "id": 622, "name": "Sawday", "point": 1855 },
  { "id": 623, "name": "Oneil", "point": 1563 },
  { "id": 624, "name": "Stook", "point": 2920 },
  { "id": 625, "name": "Robertucci", "point": 1466 },
  { "id": 626, "name": "Choak", "point": 2705 },
  { "id": 627, "name": "Jerche", "point": 1251 },
  { "id": 628, "name": "Magor", "point": 2662 },
  { "id": 629, "name": "Brosel", "point": 1639 },
  { "id": 630, "name": "Goodinson", "point": 2143 },
  { "id": 631, "name": "Olivari", "point": 498 },
  { "id": 632, "name": "Fellenor", "point": 858 },
  { "id": 633, "name": "Paull", "point": 394 },
  { "id": 634, "name": "Tomaszkiewicz", "point": 1219 },
  { "id": 635, "name": "Laurent", "point": 626 },
  { "id": 636, "name": "Kitchingman", "point": 228 },
  { "id": 637, "name": "Koomar", "point": 227 },
  { "id": 638, "name": "Skinley", "point": 2994 },
  { "id": 639, "name": "Beedom", "point": 2691 },
  { "id": 640, "name": "Saggs", "point": 2186 },
  { "id": 641, "name": "Mucci", "point": 568 },
  { "id": 642, "name": "Harrad", "point": 1138 },
  { "id": 643, "name": "Cridlon", "point": 324 },
  { "id": 644, "name": "Michel", "point": 1681 },
  { "id": 645, "name": "Pardue", "point": 681 },
  { "id": 646, "name": "Durrance", "point": 577 },
  { "id": 647, "name": "Mabbs", "point": 328 },
  { "id": 648, "name": "Courtman", "point": 257 },
  { "id": 649, "name": "Fley", "point": 2016 },
  { "id": 650, "name": "Passey", "point": 1322 },
  { "id": 651, "name": "Sollitt", "point": 1091 },
  { "id": 652, "name": "O'Doghesty", "point": 1874 },
  { "id": 653, "name": "Huton", "point": 1712 },
  { "id": 654, "name": "Cahalin", "point": 2320 },
  { "id": 655, "name": "Lamanby", "point": 2978 },
  { "id": 656, "name": "Bjerkan", "point": 231 },
  { "id": 657, "name": "Sinney", "point": 2037 },
  { "id": 658, "name": "Yersin", "point": 2760 },
  { "id": 659, "name": "Budnk", "point": 2634 },
  { "id": 660, "name": "Etches", "point": 2852 },
  { "id": 661, "name": "Killbey", "point": 2286 },
  { "id": 662, "name": "Chevers", "point": 2968 },
  { "id": 663, "name": "Hollow", "point": 135 },
  { "id": 664, "name": "Van Der Straaten", "point": 1871 },
  { "id": 665, "name": "Mitchely", "point": 1003 },
  { "id": 666, "name": "Permain", "point": 2661 },
  { "id": 667, "name": "Surgood", "point": 2348 },
  { "id": 668, "name": "Shrieve", "point": 912 },
  { "id": 669, "name": "Throssell", "point": 670 },
  { "id": 670, "name": "Hartzog", "point": 2492 },
  { "id": 671, "name": "Guiu", "point": 337 },
  { "id": 672, "name": "Tunmore", "point": 2634 },
  { "id": 673, "name": "Alderton", "point": 1598 },
  { "id": 674, "name": "Paprotny", "point": 1491 },
  { "id": 675, "name": "Dimanche", "point": 2461 },
  { "id": 676, "name": "Larner", "point": 1532 },
  { "id": 677, "name": "Luc", "point": 2919 },
  { "id": 678, "name": "Weafer", "point": 2191 },
  { "id": 679, "name": "Skedge", "point": 1972 },
  { "id": 680, "name": "Shepstone", "point": 404 },
  { "id": 681, "name": "Lamdin", "point": 1765 },
  { "id": 682, "name": "Oak", "point": 1307 },
  { "id": 683, "name": "Pehrsson", "point": 340 },
  { "id": 684, "name": "Leggen", "point": 292 },
  { "id": 685, "name": "Nilges", "point": 2971 },
  { "id": 686, "name": "Tunno", "point": 411 },
  { "id": 687, "name": "Samms", "point": 900 },
  { "id": 688, "name": "Marcinkus", "point": 427 },
  { "id": 689, "name": "Cianni", "point": 2996 },
  { "id": 690, "name": "Pawling", "point": 786 },
  { "id": 691, "name": "Pattlel", "point": 994 },
  { "id": 692, "name": "Blakeman", "point": 407 },
  { "id": 693, "name": "Cheng", "point": 718 },
  { "id": 694, "name": "Mattsson", "point": 2910 },
  { "id": 695, "name": "Barrowclough", "point": 1219 },
  { "id": 696, "name": "Burkinshaw", "point": 1458 },
  { "id": 697, "name": "McVie", "point": 315 },
  { "id": 698, "name": "Samet", "point": 2200 },
  { "id": 699, "name": "Argent", "point": 1815 },
  { "id": 700, "name": "Mara", "point": 48 },
  { "id": 701, "name": "Gell", "point": 452 },
  { "id": 702, "name": "Dixcee", "point": 2402 },
  { "id": 703, "name": "Padell", "point": 1336 },
  { "id": 704, "name": "Whimpenny", "point": 1173 },
  { "id": 705, "name": "Yabsley", "point": 139 },
  { "id": 706, "name": "Jenne", "point": 2081 },
  { "id": 707, "name": "Dunabie", "point": 524 },
  { "id": 708, "name": "Satch", "point": 1942 },
  { "id": 709, "name": "Yates", "point": 2984 },
  { "id": 710, "name": "Canario", "point": 1047 },
  { "id": 711, "name": "Flintuff", "point": 1557 },
  { "id": 712, "name": "Chatenet", "point": 2359 },
  { "id": 713, "name": "Robatham", "point": 319 },
  { "id": 714, "name": "Favel", "point": 203 },
  { "id": 715, "name": "Demchen", "point": 1674 },
  { "id": 716, "name": "Broadis", "point": 39 },
  { "id": 717, "name": "Moreing", "point": 2597 },
  { "id": 718, "name": "Rookes", "point": 2200 },
  { "id": 719, "name": "Cicculini", "point": 1093 },
  { "id": 720, "name": "Fratczak", "point": 1482 },
  { "id": 721, "name": "Behrend", "point": 1785 },
  { "id": 722, "name": "Tokley", "point": 905 },
  { "id": 723, "name": "Rounsefull", "point": 1429 },
  { "id": 724, "name": "McGrady", "point": 1598 },
  { "id": 725, "name": "Berrill", "point": 2352 },
  { "id": 726, "name": "Alcock", "point": 2970 },
  { "id": 727, "name": "Lapping", "point": 2281 },
  { "id": 728, "name": "McGeouch", "point": 2841 },
  { "id": 729, "name": "Pentlow", "point": 2600 },
  { "id": 730, "name": "Trousdale", "point": 2148 },
  { "id": 731, "name": "Itzik", "point": 851 },
  { "id": 732, "name": "Larcombe", "point": 2701 },
  { "id": 733, "name": "Reckless", "point": 1360 },
  { "id": 734, "name": "Housaman", "point": 2614 },
  { "id": 735, "name": "Madge", "point": 816 },
  { "id": 736, "name": "Storek", "point": 2644 },
  { "id": 737, "name": "Worwood", "point": 532 },
  { "id": 738, "name": "Shiril", "point": 2544 },
  { "id": 739, "name": "Shurrocks", "point": 833 },
  { "id": 740, "name": "Woolmore", "point": 352 },
  { "id": 741, "name": "Lambal", "point": 375 },
  { "id": 742, "name": "Greensmith", "point": 2511 },
  { "id": 743, "name": "Beagan", "point": 2287 },
  { "id": 744, "name": "Purdy", "point": 1490 },
  { "id": 745, "name": "Buttrum", "point": 1742 },
  { "id": 746, "name": "Hugnin", "point": 154 },
  { "id": 747, "name": "Geekie", "point": 546 },
  { "id": 748, "name": "Foucher", "point": 1166 },
  { "id": 749, "name": "Birkmyr", "point": 1177 },
  { "id": 750, "name": "Ivanonko", "point": 2683 },
  { "id": 751, "name": "Drever", "point": 1007 },
  { "id": 752, "name": "Adamo", "point": 1830 },
  { "id": 753, "name": "Strowther", "point": 12 },
  { "id": 754, "name": "Moret", "point": 2431 },
  { "id": 755, "name": "Maxfield", "point": 1553 },
  { "id": 756, "name": "Fishpoole", "point": 156 },
  { "id": 757, "name": "Mayman", "point": 2166 },
  { "id": 758, "name": "Wissbey", "point": 366 },
  { "id": 759, "name": "Jiroutek", "point": 2332 },
  { "id": 760, "name": "Biggar", "point": 1678 },
  { "id": 761, "name": "Broadnicke", "point": 521 },
  { "id": 762, "name": "Deary", "point": 1163 },
  { "id": 763, "name": "Ottam", "point": 2491 },
  { "id": 764, "name": "Challinor", "point": 440 },
  { "id": 765, "name": "Forst", "point": 1977 },
  { "id": 766, "name": "Sugar", "point": 1869 },
  { "id": 767, "name": "MacNamee", "point": 832 },
  { "id": 768, "name": "Greedyer", "point": 2804 },
  { "id": 769, "name": "Castilljo", "point": 2653 },
  { "id": 770, "name": "Wadwell", "point": 2801 },
  { "id": 771, "name": "Banbury", "point": 1965 },
  { "id": 772, "name": "Liebermann", "point": 705 },
  { "id": 773, "name": "Cale", "point": 2080 },
  { "id": 774, "name": "Kimbrough", "point": 2093 },
  { "id": 775, "name": "Ruperti", "point": 1376 },
  { "id": 776, "name": "Gully", "point": 120 },
  { "id": 777, "name": "O'Cahsedy", "point": 1836 },
  { "id": 778, "name": "Buddock", "point": 462 },
  { "id": 779, "name": "Adanet", "point": 2651 },
  { "id": 780, "name": "Jordi", "point": 1501 },
  { "id": 781, "name": "Bril", "point": 1791 },
  { "id": 782, "name": "Gillogley", "point": 38 },
  { "id": 783, "name": "Blockley", "point": 2666 },
  { "id": 784, "name": "Dulinty", "point": 2149 },
  { "id": 785, "name": "Brook", "point": 2126 },
  { "id": 786, "name": "Seale", "point": 1916 },
  { "id": 787, "name": "Gyves", "point": 1467 },
  { "id": 788, "name": "Ricciardo", "point": 1120 },
  { "id": 789, "name": "Shobrook", "point": 186 },
  { "id": 790, "name": "Januszkiewicz", "point": 41 },
  { "id": 791, "name": "Ghiriardelli", "point": 1436 },
  { "id": 792, "name": "Surmon", "point": 542 },
  { "id": 793, "name": "Challenger", "point": 2819 },
  { "id": 794, "name": "Scotcher", "point": 300 },
  { "id": 795, "name": "Hayworth", "point": 245 },
  { "id": 796, "name": "Pomfret", "point": 2645 },
  { "id": 797, "name": "Kerley", "point": 1536 },
  { "id": 798, "name": "Trulock", "point": 962 },
  { "id": 799, "name": "Velasquez", "point": 2525 },
  { "id": 800, "name": "Davsley", "point": 2722 },
  { "id": 801, "name": "Attride", "point": 746 },
  { "id": 802, "name": "McMurray", "point": 2958 },
  { "id": 803, "name": "Goutcher", "point": 248 },
  { "id": 804, "name": "Fallanche", "point": 576 },
  { "id": 805, "name": "Henden", "point": 2572 },
  { "id": 806, "name": "Matyasik", "point": 1233 },
  { "id": 807, "name": "Kiss", "point": 2456 },
  { "id": 808, "name": "Gurnell", "point": 6 },
  { "id": 809, "name": "Lambrook", "point": 2903 },
  { "id": 810, "name": "Stanislaw", "point": 990 },
  { "id": 811, "name": "Haig", "point": 1577 },
  { "id": 812, "name": "Godard", "point": 582 },
  { "id": 813, "name": "Seeler", "point": 871 },
  { "id": 814, "name": "Cheasman", "point": 306 },
  { "id": 815, "name": "Skyram", "point": 2894 },
  { "id": 816, "name": "Pavluk", "point": 462 },
  { "id": 817, "name": "Velareal", "point": 1762 },
  { "id": 818, "name": "Jorczyk", "point": 2432 },
  { "id": 819, "name": "McElhargy", "point": 2498 },
  { "id": 820, "name": "Farrow", "point": 1411 },
  { "id": 821, "name": "Navaro", "point": 2409 },
  { "id": 822, "name": "Teasey", "point": 1497 },
  { "id": 823, "name": "Spanton", "point": 422 },
  { "id": 824, "name": "Grinyer", "point": 1583 },
  { "id": 825, "name": "Points", "point": 1641 },
  { "id": 826, "name": "Shewery", "point": 2137 },
  { "id": 827, "name": "Maund", "point": 723 },
  { "id": 828, "name": "Niemiec", "point": 1096 },
  { "id": 829, "name": "Addis", "point": 680 },
  { "id": 830, "name": "Kingzet", "point": 1150 },
  { "id": 831, "name": "Siebert", "point": 2891 },
  { "id": 832, "name": "Longcake", "point": 54 },
  { "id": 833, "name": "Bahde", "point": 1818 },
  { "id": 834, "name": "De Witt", "point": 2016 },
  { "id": 835, "name": "Lehemann", "point": 1367 },
  { "id": 836, "name": "Neles", "point": 1774 },
  { "id": 837, "name": "Robbings", "point": 1500 },
  { "id": 838, "name": "Dabels", "point": 2307 },
  { "id": 839, "name": "Jansens", "point": 100 },
  { "id": 840, "name": "Mullin", "point": 814 },
  { "id": 841, "name": "Mayell", "point": 171 },
  { "id": 842, "name": "Cream", "point": 2556 },
  { "id": 843, "name": "MacGrath", "point": 2796 },
  { "id": 844, "name": "Nern", "point": 2362 },
  { "id": 845, "name": "Syder", "point": 50 },
  { "id": 846, "name": "Howe", "point": 776 },
  { "id": 847, "name": "Cooksley", "point": 2660 },
  { "id": 848, "name": "Oldacres", "point": 2316 },
  { "id": 849, "name": "Nicely", "point": 1104 },
  { "id": 850, "name": "Heskins", "point": 1297 },
  { "id": 851, "name": "Rattenberie", "point": 2498 },
  { "id": 852, "name": "Geldeford", "point": 2873 },
  { "id": 853, "name": "Porcas", "point": 1245 },
  { "id": 854, "name": "Blanchette", "point": 2242 },
  { "id": 855, "name": "Kiln", "point": 383 },
  { "id": 856, "name": "Graham", "point": 982 },
  { "id": 857, "name": "Grogona", "point": 2428 },
  { "id": 858, "name": "Hitscher", "point": 1931 },
  { "id": 859, "name": "Keiley", "point": 869 },
  { "id": 860, "name": "Tingle", "point": 430 },
  { "id": 861, "name": "Oswick", "point": 1664 },
  { "id": 862, "name": "Wyman", "point": 1064 },
  { "id": 863, "name": "Jacquot", "point": 2311 },
  { "id": 864, "name": "MacVicar", "point": 1104 },
  { "id": 865, "name": "Troillet", "point": 859 },
  { "id": 866, "name": "Allott", "point": 2240 },
  { "id": 867, "name": "Pedden", "point": 1288 },
  { "id": 868, "name": "Rishman", "point": 1275 },
  { "id": 869, "name": "Weatherhead", "point": 2766 },
  { "id": 870, "name": "Welford", "point": 318 },
  { "id": 871, "name": "Menear", "point": 20 },
  { "id": 872, "name": "Molfino", "point": 428 },
  { "id": 873, "name": "Jorczyk", "point": 1231 },
  { "id": 874, "name": "Burston", "point": 726 },
  { "id": 875, "name": "Vermer", "point": 1950 },
  { "id": 876, "name": "Mosen", "point": 577 },
  { "id": 877, "name": "Hackworth", "point": 26 },
  { "id": 878, "name": "Salazar", "point": 1701 },
  { "id": 879, "name": "Serginson", "point": 2283 },
  { "id": 880, "name": "Timcke", "point": 662 },
  { "id": 881, "name": "Yard", "point": 1301 },
  { "id": 882, "name": "Bradder", "point": 2360 },
  { "id": 883, "name": "Farrall", "point": 556 },
  { "id": 884, "name": "Gadsby", "point": 680 },
  { "id": 885, "name": "Hanhard", "point": 649 },
  { "id": 886, "name": "Olliffe", "point": 1667 },
  { "id": 887, "name": "Candey", "point": 1913 },
  { "id": 888, "name": "Zottoli", "point": 2010 },
  { "id": 889, "name": "Brackley", "point": 2791 },
  { "id": 890, "name": "Trouel", "point": 1001 },
  { "id": 891, "name": "Flower", "point": 880 },
  { "id": 892, "name": "Newhouse", "point": 1643 },
  { "id": 893, "name": "Bennoe", "point": 518 },
  { "id": 894, "name": "Borgnol", "point": 2876 },
  { "id": 895, "name": "Renvoise", "point": 1450 },
  { "id": 896, "name": "Eddleston", "point": 2194 },
  { "id": 897, "name": "Blas", "point": 2697 },
  { "id": 898, "name": "Marousek", "point": 339 },
  { "id": 899, "name": "Clow", "point": 1642 },
  { "id": 900, "name": "Knowling", "point": 2856 },
  { "id": 901, "name": "Laroze", "point": 169 },
  { "id": 902, "name": "Hillam", "point": 106 },
  { "id": 903, "name": "Gawthrop", "point": 2021 },
  { "id": 904, "name": "Sibille", "point": 836 },
  { "id": 905, "name": "Foyle", "point": 376 },
  { "id": 906, "name": "Leahy", "point": 788 },
  { "id": 907, "name": "MacAree", "point": 1619 },
  { "id": 908, "name": "Andriveau", "point": 1033 },
  { "id": 909, "name": "Breadmore", "point": 212 },
  { "id": 910, "name": "Haggerston", "point": 2414 },
  { "id": 911, "name": "Atterbury", "point": 1218 },
  { "id": 912, "name": "Forty", "point": 589 },
  { "id": 913, "name": "Parvin", "point": 580 },
  { "id": 914, "name": "McCrillis", "point": 463 },
  { "id": 915, "name": "Scottesmoor", "point": 2315 },
  { "id": 916, "name": "Tuffell", "point": 1318 },
  { "id": 917, "name": "Dickinson", "point": 1177 },
  { "id": 918, "name": "Singh", "point": 1773 },
  { "id": 919, "name": "Gelly", "point": 2586 },
  { "id": 920, "name": "Imbrey", "point": 1006 },
  { "id": 921, "name": "Atthowe", "point": 2264 },
  { "id": 922, "name": "Gockelen", "point": 541 },
  { "id": 923, "name": "Konzelmann", "point": 2234 },
  { "id": 924, "name": "MacAless", "point": 2682 },
  { "id": 925, "name": "Wederell", "point": 1116 },
  { "id": 926, "name": "Bromfield", "point": 1147 },
  { "id": 927, "name": "Shreenan", "point": 2450 },
  { "id": 928, "name": "Kilfoyle", "point": 2302 },
  { "id": 929, "name": "Kleewein", "point": 1317 },
  { "id": 930, "name": "Edgeley", "point": 252 },
  { "id": 931, "name": "Dillicate", "point": 1767 },
  { "id": 932, "name": "Pine", "point": 114 },
  { "id": 933, "name": "Dally", "point": 150 },
  { "id": 934, "name": "Hertwell", "point": 2790 },
  { "id": 935, "name": "Nurny", "point": 1352 },
  { "id": 936, "name": "Lezemore", "point": 2147 },
  { "id": 937, "name": "Jobbins", "point": 230 },
  { "id": 938, "name": "Ranvoise", "point": 861 },
  { "id": 939, "name": "Rosekilly", "point": 2879 },
  { "id": 940, "name": "Keitley", "point": 987 },
  { "id": 941, "name": "Leates", "point": 2495 },
  { "id": 942, "name": "Leber", "point": 805 },
  { "id": 943, "name": "Hawkings", "point": 544 },
  { "id": 944, "name": "Napoleon", "point": 2142 },
  { "id": 945, "name": "O'Doohaine", "point": 2900 },
  { "id": 946, "name": "Rawe", "point": 614 },
  { "id": 947, "name": "Waples", "point": 1858 },
  { "id": 948, "name": "Clardge", "point": 727 },
  { "id": 949, "name": "Madoc-Jones", "point": 489 },
  { "id": 950, "name": "Simmon", "point": 2986 },
  { "id": 951, "name": "Hellis", "point": 883 },
  { "id": 952, "name": "Dennes", "point": 621 },
  { "id": 953, "name": "Bull", "point": 2959 },
  { "id": 954, "name": "Emanuelli", "point": 1445 },
  { "id": 955, "name": "Dunbobin", "point": 2741 },
  { "id": 956, "name": "Staneland", "point": 777 },
  { "id": 957, "name": "Leethem", "point": 2923 },
  { "id": 958, "name": "Boscott", "point": 1996 },
  { "id": 959, "name": "Jerman", "point": 1395 },
  { "id": 960, "name": "Van Schafflaer", "point": 162 },
  { "id": 961, "name": "Sabates", "point": 1435 },
  { "id": 962, "name": "Braney", "point": 973 },
  { "id": 963, "name": "Tersay", "point": 2717 },
  { "id": 964, "name": "Mityushin", "point": 2118 },
  { "id": 965, "name": "Rozenzweig", "point": 52 },
  { "id": 966, "name": "Hamflett", "point": 2808 },
  { "id": 967, "name": "Ouslem", "point": 1202 },
  { "id": 968, "name": "Penson", "point": 166 },
  { "id": 969, "name": "Coare", "point": 2861 },
  { "id": 970, "name": "Gilman", "point": 2776 },
  { "id": 971, "name": "Havard", "point": 1976 },
  { "id": 972, "name": "Waumsley", "point": 1300 },
  { "id": 973, "name": "Bolitho", "point": 1412 },
  { "id": 974, "name": "Whinray", "point": 2698 },
  { "id": 975, "name": "Lieber", "point": 1838 },
  { "id": 976, "name": "Gavahan", "point": 2337 },
  { "id": 977, "name": "Koppel", "point": 833 },
  { "id": 978, "name": "Longo", "point": 733 },
  { "id": 979, "name": "Teager", "point": 2978 },
  { "id": 980, "name": "Faers", "point": 955 },
  { "id": 981, "name": "Matheson", "point": 818 },
  { "id": 982, "name": "Berfoot", "point": 2323 },
  { "id": 983, "name": "Girodin", "point": 2514 },
  { "id": 984, "name": "Ivantyev", "point": 516 },
  { "id": 985, "name": "Etherson", "point": 1368 },
  { "id": 986, "name": "Pilmore", "point": 593 },
  { "id": 987, "name": "Abbotson", "point": 2393 },
  { "id": 988, "name": "Seiler", "point": 2922 },
  { "id": 989, "name": "Augar", "point": 1834 },
  { "id": 990, "name": "Addey", "point": 676 },
  { "id": 991, "name": "Burtwhistle", "point": 1424 },
  { "id": 992, "name": "Hindrich", "point": 1090 },
  { "id": 993, "name": "Sidaway", "point": 2296 },
  { "id": 994, "name": "Capel", "point": 518 },
  { "id": 995, "name": "Strand", "point": 1118 },
  { "id": 996, "name": "Iglesia", "point": 35 },
  { "id": 997, "name": "Newberry", "point": 1950 },
  { "id": 998, "name": "Dews", "point": 1984 },
  { "id": 999, "name": "Upson", "point": 2314 },
  { "id": 1000, "name": "방시현", "point": 99999 }
]
